signature_id,key_id,document_hash,verification_status,created_at
SIG-8842CE7A58,KEY-44E05827CB,7919b476050a1a1f963ee7f1563b2210b9b2e21d08acfcdb2339daa62431f5f7,VALID,2026-08-20T09:00:00
SIG-69444AFA7C,KEY-C8D509FEF9,fce24ff27c8be7a437b1bc523badcbfdabb90a882e008199e7eb185dfa441f01,VALID,2026-08-20T09:17:00
SIG-DBCE386D07,KEY-5035653BCC,1d26f944c9ea3a7d2e3661fb2545cbb614016813939098f3370d4a248682d837,VALID,2026-08-20T09:34:00
SIG-CA6CB9497B,KEY-246C2B494C,578fdd160285cb171556088dd1b72f12709a9ac54045d5cbdc27021fddaa2e09,VALID,2026-08-20T09:51:00
SIG-537F80396D,KEY-D75586DD21,bc36311d4f66bff90c5b6ff66648ec8308f402d21701029932548df90f52fb29,VALID,2026-08-20T10:08:00
SIG-33ABDB7DF6,KEY-E007843891,a767a9faf9c5b2274c377e8fc7b19411d6f7445541a30f4765aaf47f6357093a,INVALID,2026-08-20T10:25:00
SIG-446BA9A15B,KEY-93CC8479B2,c345f4694ef6d8103dce3b54497a0012139a12d8e8af0486882e7738c3a68b6c,VALID,2026-08-20T10:42:00
SIG-2C81829CC5,KEY-B80DF702CF,bf12bc785a10103e10fd2a753638df54e4ef804a2cdace021a465b3c1f29d159,VALID,2026-08-20T10:59:00
SIG-C15D75884B,KEY-C2611F9245,5f9d94e7b978dc036beb732f0d764acb7dc1314763ecc3f5d8be74c211e26c83,INVALID,2026-08-20T11:16:00
SIG-03FEF0EB28,KEY-0B8E8E540A,4c10220bf64efad6e06d48757f38c7570d66fe1d8b5c5372b12df3549348bf90,VALID,2026-08-20T11:33:00
SIG-8A3C0284B7,KEY-23FCB53B26,40f4be6ba115f7129aa0b0fb859475a7efffcd6d5034f5e6ef6246879d2ac2ea,VALID,2026-08-20T11:50:00
SIG-618E98CDD4,KEY-D496987D6F,13e5123d06868daef4ce6f477228dda05b9a8ce45bf7c38dfbbe598a1d50d7c0,VALID,2026-08-20T12:07:00
SIG-BC42A97BA7,KEY-1BB0C92D91,a4ed8530a9369cff1e6d4af3f03eadcb121d0aa905cbf1c9f39e197c45fa6744,VALID,2026-08-20T12:24:00
SIG-ED12B1776E,KEY-4E902A70BE,aa143f493e355fdea6cc077c8b67196c78c42bb59f636d42d346abcbd7f0dc18,VALID,2026-08-20T12:41:00
SIG-8A849E30E0,KEY-A03A15FC66,6b6810484f266a3a2f901ee5131e3b198d24a3da9d181dc24579329bdf6cb7dc,VALID,2026-08-20T12:58:00
SIG-655B9C6E42,KEY-ED4739E357,613aaa4dfeb225906ffde37f2b5c71682beef8433541845c34f7f59311dfa197,VALID,2026-08-20T13:15:00
SIG-926045AD7A,KEY-93CD4AC2DA,4acabccbbdd41fc003ddacf961884132a1e30f5f6f1affe15ebcc1711aedbde3,VALID,2026-08-20T13:32:00
SIG-5568EFC613,KEY-B4F104B107,c87183baffa4e25625c6404e8296c64351d5e3ad1c690208fa837a07ed51a9d8,VALID,2026-08-20T13:49:00
SIG-B187D8E9EC,KEY-F394F1F154,533ca61591668271f510242e6ca4e58b1212d35d50bcc9bd01c22cba7047c701,VALID,2026-08-20T14:06:00
SIG-728369A44A,KEY-0F1C50A50B,975f467b031c8a24e15485441404d8ccbdd39c99e8267e0353747969e146c83f,INVALID,2026-08-20T14:23:00
